Feature,Importance
duration_min,0.313522611904763
artist_encoded,0.18500146949896
release_year,0.1768017190784749
track_name_encoded,0.1734242336107406
album_encoded,0.15124996590706158
